tc_EPID,tc_EquipmentUnitID,tc_EquipmentGroupID,tc_C1MassFlow,tc_C1MassFlowUncertainty,tc_ExpStartDatetime,tc_ExpEndDatetime,tc_ExpDurationHrs,tc_ExpEPCount,tc_EquipmentType
4T-12,4T-1,4T,5336.277243,167.87681,2023-04-28 15:30:47+00:00,2023-04-28 18:00:47+00:00,2.5,2,Tank
4S-33,4S-3,4S,3067.818257,78.51941992,2023-04-28 15:30:47+00:00,2023-04-28 18:00:47+00:00,2.5,2,Seperator
5W-33,5W-3,5W,6693.15599,194.8895595,2023-04-28 06:53:15+00:00,2023-04-28 07:53:16+00:00,1.000277778,2,Wellhead
4W-11,4W-1,4W,3514.508457,79.95537416,2023-04-28 06:53:15+00:00,2023-04-28 07:53:16+00:00,1.000277778,2,Wellhead
5S-12,5S-1,5S,5268.878015,219.5174082,2023-04-28 00:08:12+00:00,2023-04-28 01:53:12+00:00,1.75,2,Seperator
4S-23,4S-2,4S,3567.276416,78.25573184,2023-04-28 00:08:12+00:00,2023-04-28 01:53:12+00:00,1.75,2,Seperator
5S-27,5S-2,5S,5363.231897,435.5982263,2023-04-27 16:35:25+00:00,2023-04-27 19:16:25+00:00,2.683333333,3,Seperator
4T-32,4T-3,4T,4170.983415,136.7128581,2023-04-27 16:35:25+00:00,2023-04-27 19:16:25+00:00,2.683333333,3,Tank
4T-12,4T-1,4T,5411.329245,149.5973673,2023-04-27 09:35:03+00:00,2023-04-27 10:05:02+00:00,0.499722222,2,Tank
4S-33,4S-3,4S,3168.597602,77.83650159,2023-04-27 09:35:03+00:00,2023-04-27 10:05:02+00:00,0.499722222,2,Seperator
5W-33,5W-3,5W,6648.053684,249.5201688,2023-04-27 04:34:59+00:00,2023-04-27 05:34:59+00:00,1,2,Wellhead
4W-11,4W-1,4W,3488.744651,145.1536714,2023-04-27 04:34:59+00:00,2023-04-27 05:34:59+00:00,1,2,Wellhead
5S-12,5S-1,5S,5120.079756,189.7411942,2023-04-26 23:04:56+00:00,2023-04-27 00:34:56+00:00,1.5,2,Seperator
4S-23,4S-2,4S,3529.01962,122.5719743,2023-04-26 23:04:56+00:00,2023-04-27 00:34:56+00:00,1.5,2,Seperator
5W-11,5W-1,5W,4915.928899,199.107148,2023-04-26 18:38:52+00:00,2023-04-26 20:04:52+00:00,1.433333333,3,Wellhead
4T-11,4T-1,4T,3544.837121,399.0204361,2023-04-26 18:38:52+00:00,2023-04-26 20:04:52+00:00,1.433333333,3,Tank
4T-22,4T-2,4T,6964.632196,170.9720893,2023-04-26 15:38:50+00:00,2023-04-26 16:38:51+00:00,1.000277778,2,Tank
4W-51,4W-5,4W,3478.019042,114.4550077,2023-04-26 15:38:50+00:00,2023-04-26 16:38:51+00:00,1.000277778,2,Wellhead
5W-33,5W-3,5W,6705.866052,169.878408,2023-04-26 09:11:24+00:00,2023-04-26 10:41:24+00:00,1.5,2,Wellhead
4W-11,4W-1,4W,3525.298978,94.37646431,2023-04-26 09:11:24+00:00,2023-04-26 10:41:24+00:00,1.5,2,Wellhead
5S-12,5S-1,5S,5316.837315,192.7144288,2023-04-26 02:41:21+00:00,2023-04-26 04:11:21+00:00,1.5,2,Seperator
4S-23,4S-2,4S,3581.608646,78.35457651,2023-04-26 02:41:21+00:00,2023-04-26 04:11:21+00:00,1.5,2,Seperator
4T-22,4T-2,4T,6983.330263,181.7879344,2023-04-25 20:07:01+00:00,2023-04-25 21:37:02+00:00,1.500277778,2,Tank
4W-51,4W-5,4W,3507.724761,75.78858457,2023-04-25 20:07:01+00:00,2023-04-25 21:37:02+00:00,1.500277778,2,Wellhead
4T-11,4T-1,4T,2627.333351,181.8989745,2023-04-25 15:25:00+00:00,2023-04-25 17:25:01+00:00,2.000277778,2,Tank
4W-32,4W-3,4W,2601.610469,104.6119032,2023-04-25 15:25:00+00:00,2023-04-25 17:25:01+00:00,2.000277778,2,Wellhead
4W-32,4W-3,4W,2589.633859,89.54066716,2023-04-24 23:09:55+00:00,2023-04-25 01:39:56+00:00,2.500277778,2,Wellhead
4T-11,4T-1,4T,2584.527685,165.3198832,2023-04-24 23:09:55+00:00,2023-04-25 01:39:56+00:00,2.500277778,2,Tank
4S-43,4S-4,4S,3011.105088,84.76576593,2023-04-24 15:43:06+00:00,2023-04-24 19:13:06+00:00,3.5,2,Seperator
5S-26,5S-2,5S,2353.689855,169.0681712,2023-04-24 15:43:06+00:00,2023-04-24 19:13:06+00:00,3.5,2,Seperator
5S-32,5S-3,5S,2056.993217,151.214846,2023-04-22 18:26:57+00:00,2023-04-22 20:26:57+00:00,2,2,Seperator
4W-27,4W-2,4W,2027.811902,85.53669563,2023-04-22 18:26:57+00:00,2023-04-22 20:26:57+00:00,2,2,Wellhead
4T-11,4T-1,4T,2671.609533,341.3000396,2023-04-22 10:00:53+00:00,2023-04-22 13:26:53+00:00,3.433333333,3,Tank
5W-34,5W-3,5W,1195.659947,196.5426547,2023-04-22 10:00:53+00:00,2023-04-22 13:26:53+00:00,3.433333333,3,Wellhead
5S-32,5S-3,5S,2055.025212,148.6967272,2023-04-22 01:30:49+00:00,2023-04-22 05:00:49+00:00,3.5,2,Seperator
4W-27,4W-2,4W,2032.207236,70.77992788,2023-04-22 01:30:49+00:00,2023-04-22 05:00:49+00:00,3.5,2,Wellhead
5W-13,5W-1,5W,2879.560729,147.6998118,2023-04-21 17:14:48+00:00,2023-04-21 20:29:48+00:00,3.25,2,Wellhead
4W-32,4W-3,4W,2630.802456,72.56848124,2023-04-21 17:14:48+00:00,2023-04-21 20:29:48+00:00,3.25,2,Wellhead
5W-13,5W-1,5W,2885.673362,143.5603721,2023-04-21 16:37:52+00:00,2023-04-21 16:37:57+00:00,0.001388889,2,Wellhead
4W-32,4W-3,4W,2633.207837,65.64456158,2023-04-21 16:37:52+00:00,2023-04-21 16:37:57+00:00,0.001388889,2,Wellhead
5S-32,5S-3,5S,2048.57279,141.9740255,2023-04-21 04:27:57+00:00,2023-04-21 07:53:58+00:00,3.433611111,5,Seperator
4W-27,4W-2,4W,2037.114777,107.8745119,2023-04-21 04:27:57+00:00,2023-04-21 07:53:58+00:00,3.433611111,5,Wellhead
4T-31,4T-3,4T,1398.689859,177.1139163,2023-04-21 04:27:57+00:00,2023-04-21 07:53:58+00:00,3.433611111,5,Tank
4S-21,4S-2,4S,1253.442882,58.91209589,2023-04-21 04:27:57+00:00,2023-04-21 07:53:58+00:00,3.433611111,5,Seperator
5S-26,5S-2,5S,3328.344365,171.0818075,2023-04-20 20:12:53+00:00,2023-04-20 22:27:54+00:00,2.250277778,2,Seperator
4W-27,4W-2,4W,2899.80939,108.3508833,2023-04-20 20:12:53+00:00,2023-04-20 22:27:54+00:00,2.250277778,2,Wellhead
4T-22,4T-2,4T,4738.344937,194.6036845,2023-04-20 15:57:52+00:00,2023-04-20 18:12:52+00:00,2.25,2,Tank
4S-43,4S-4,4S,3450.023908,79.20603014,2023-04-20 15:57:52+00:00,2023-04-20 18:12:52+00:00,2.25,2,Seperator
5S-32,5S-3,5S,2039.674754,162.3003544,2023-04-20 03:04:08+00:00,2023-04-20 05:30:08+00:00,2.433333333,5,Seperator
4W-27,4W-2,4W,2028.163298,123.3215279,2023-04-20 03:04:08+00:00,2023-04-20 05:30:08+00:00,2.433333333,5,Wellhead
4T-31,4T-3,4T,1397.640925,165.6793904,2023-04-20 03:04:08+00:00,2023-04-20 05:30:08+00:00,2.433333333,5,Tank
4S-21,4S-2,4S,1246.708771,148.9155116,2023-04-20 03:04:08+00:00,2023-04-20 05:30:08+00:00,2.433333333,5,Seperator
4T-11,4T-1,4T,2521.691595,270.6872911,2023-04-19 18:29:35+00:00,2023-04-19 21:10:35+00:00,2.683333333,3,Tank
5W-34,5W-3,5W,1196.766033,327.9597725,2023-04-19 18:29:35+00:00,2023-04-19 21:10:35+00:00,2.683333333,3,Wellhead
4T-11,4T-1,4T,2411.318871,356.6781632,2023-04-19 01:11:38+00:00,2023-04-19 03:52:38+00:00,2.683333333,3,Tank
5W-34,5W-3,5W,1185.785668,150.6472039,2023-04-19 01:11:38+00:00,2023-04-19 03:52:38+00:00,2.683333333,3,Wellhead
5W-13,5W-1,5W,3076.769722,527.3871723,2023-04-18 21:12:58+00:00,2023-04-18 21:38:58+00:00,0.433333333,5,Wellhead
4T-11,4T-1,4T,2342.363363,322.9182736,2023-04-18 21:12:58+00:00,2023-04-18 21:38:58+00:00,0.433333333,5,Tank
5S-32,5S-3,5S,1940.125691,135.5127149,2023-04-18 21:12:58+00:00,2023-04-18 21:38:58+00:00,0.433333333,5,Seperator
4S-21,4S-2,4S,1189.149931,61.10067929,2023-04-18 21:12:58+00:00,2023-04-18 21:38:58+00:00,0.433333333,5,Seperator
5S-26,5S-2,5S,2352.00847,183.695059,2023-04-18 16:28:40+00:00,2023-04-18 19:05:40+00:00,2.616666667,5,Seperator
4W-27,4W-2,4W,1982.321892,102.7313026,2023-04-18 16:28:40+00:00,2023-04-18 19:05:40+00:00,2.616666667,5,Wellhead
4T-31,4T-3,4T,1318.764828,136.6231452,2023-04-18 16:28:40+00:00,2023-04-18 19:05:40+00:00,2.616666667,5,Tank
4S-43,4S-4,4S,870.9341904,56.57501792,2023-04-18 16:28:40+00:00,2023-04-18 19:05:40+00:00,2.616666667,5,Seperator
5W-13,5W-1,5W,3549.713286,145.5217658,2023-04-18 05:30:39+00:00,2023-04-18 07:41:39+00:00,2.183333333,5,Wellhead
4T-11,4T-1,4T,2480.134745,367.7788273,2023-04-18 05:30:39+00:00,2023-04-18 07:41:39+00:00,2.183333333,5,Tank
5S-32,5S-3,5S,2024.415972,137.1293078,2023-04-18 05:30:39+00:00,2023-04-18 07:41:39+00:00,2.183333333,5,Seperator
4S-21,4S-2,4S,1237.871919,64.80670543,2023-04-18 05:30:39+00:00,2023-04-18 07:41:39+00:00,2.183333333,5,Seperator
5S-26,5S-2,5S,2320.987881,146.3771665,2023-04-17 23:23:36+00:00,2023-04-18 02:30:36+00:00,3.116666667,5,Seperator
4W-27,4W-2,4W,1989.24913,61.73203832,2023-04-17 23:23:36+00:00,2023-04-18 02:30:36+00:00,3.116666667,5,Wellhead
4T-31,4T-3,4T,1315.846817,136.3832626,2023-04-17 23:23:36+00:00,2023-04-18 02:30:36+00:00,3.116666667,5,Tank
4S-43,4S-4,4S,874.408096,55.80761645,2023-04-17 23:23:36+00:00,2023-04-18 02:30:36+00:00,3.116666667,5,Seperator
4T-31,4T-3,4T,1316.363567,145.2993412,2023-04-17 17:53:32+00:00,2023-04-17 21:23:33+00:00,3.500277778,2,Tank
4S-21,4S-2,4S,1195.221646,58.08087099,2023-04-17 17:53:32+00:00,2023-04-17 21:23:33+00:00,3.500277778,2,Seperator
5S-32,5S-3,5S,2222.465355,137.2107842,2023-04-17 06:20:41+00:00,2023-04-17 07:12:41+00:00,0.866666667,4,Seperator
4T-12,4T-1,4T,1369.085489,264.7654025,2023-04-17 06:20:41+00:00,2023-04-17 07:12:41+00:00,0.866666667,4,Tank
4S-43,4S-4,4S,859.8880277,73.00664854,2023-04-17 06:20:41+00:00,2023-04-17 07:12:41+00:00,0.866666667,4,Seperator
4T-31,4T-3,4T,1302.301496,330.0827661,2023-04-16 23:13:38+00:00,2023-04-17 00:20:37+00:00,1.116388889,4,Tank
5W-34,5W-3,5W,1199.870818,145.3904291,2023-04-16 23:13:38+00:00,2023-04-17 00:20:37+00:00,1.116388889,4,Wellhead
4W-12,4W-1,4W,691.9475142,68.44206823,2023-04-16 23:13:38+00:00,2023-04-17 00:20:37+00:00,1.116388889,4,Wellhead
5S-26,5S-2,5S,2575.828296,148.44615,2023-04-16 16:28:35+00:00,2023-04-16 17:13:35+00:00,0.75,2,Seperator
4S-21,4S-2,4S,1232.809681,58.74491405,2023-04-16 16:28:35+00:00,2023-04-16 17:13:35+00:00,0.75,2,Seperator
4T-31,4T-3,4T,12872.47783,141.9128018,2023-04-16 09:21:31+00:00,2023-04-16 10:28:31+00:00,1.116666667,4,Tank
5W-34,5W-3,5W,12868.90415,141.8657825,2023-04-16 09:21:31+00:00,2023-04-16 10:28:31+00:00,1.116666667,4,Wellhead
4W-12,4W-1,4W,634.2688317,66.30931589,2023-04-16 09:21:31+00:00,2023-04-16 10:28:31+00:00,1.116666667,4,Wellhead
5S-32,5S-3,5S,2216.977186,156.3432469,2023-04-16 02:14:28+00:00,2023-04-16 03:21:29+00:00,1.116944444,4,Seperator
4T-12,4T-1,4T,1383.273816,138.0763447,2023-04-16 02:14:28+00:00,2023-04-16 03:21:29+00:00,1.116944444,4,Tank
4S-43,4S-4,4S,865.8565625,64.28633989,2023-04-16 02:14:28+00:00,2023-04-16 03:21:29+00:00,1.116944444,4,Seperator
4T-31,4T-3,4T,1328.31968,142.0489692,2023-04-15 19:14:25+00:00,2023-04-15 20:14:25+00:00,1,2,Tank
4S-21,4S-2,4S,1232.917926,58.47510301,2023-04-15 19:14:25+00:00,2023-04-15 20:14:25+00:00,1,2,Seperator
4T-31,4T-3,4T,1334.576939,137.4546925,2023-04-15 12:07:23+00:00,2023-04-15 13:14:23+00:00,1.116666667,4,Tank
5W-34,5W-3,5W,1031.960176,145.6731442,2023-04-15 12:07:23+00:00,2023-04-15 13:14:23+00:00,1.116666667,4,Wellhead
4W-12,4W-1,4W,640.8617211,63.3499086,2023-04-15 12:07:23+00:00,2023-04-15 13:14:23+00:00,1.116666667,4,Wellhead
5S-32,5S-3,5S,2235.103681,135.3016045,2023-04-15 05:00:19+00:00,2023-04-15 06:07:19+00:00,1.116666667,4,Seperator
4T-12,4T-1,4T,1381.982951,144.2772324,2023-04-15 05:00:19+00:00,2023-04-15 06:07:19+00:00,1.116666667,4,Tank
4S-43,4S-4,4S,856.6315511,64.154756,2023-04-15 05:00:19+00:00,2023-04-15 06:07:19+00:00,1.116666667,4,Seperator
5S-26,5S-2,5S,2627.191954,163.1799705,2023-04-14 22:15:15+00:00,2023-04-14 23:00:16+00:00,0.750277778,2,Seperator
4S-21,4S-2,4S,1250.034752,66.19583346,2023-04-14 22:15:15+00:00,2023-04-14 23:00:16+00:00,0.750277778,2,Seperator
5S-26,5S-2,5S,4023.262995,167.0117977,2023-04-14 15:31:15+00:00,2023-04-14 17:31:15+00:00,2,2,Seperator
4W-27,4W-2,4W,3578.15157,73.69473262,2023-04-14 15:31:15+00:00,2023-04-14 17:31:15+00:00,2,2,Wellhead
4T-31,4T-3,4T,1463.505442,149.1655382,2023-04-14 11:31:11+00:00,2023-04-14 13:31:11+00:00,2,2,Tank
4S-21,4S-2,4S,1241.968949,61.28733941,2023-04-14 11:31:11+00:00,2023-04-14 13:31:11+00:00,2,2,Seperator
4T-11,4T-1,4T,2695.546264,171.0848334,2023-04-14 08:01:08+00:00,2023-04-14 09:31:08+00:00,1.5,2,Tank
4S-43,4S-4,4S,860.9306081,57.05038722,2023-04-14 08:01:08+00:00,2023-04-14 09:31:08+00:00,1.5,2,Seperator
4W-32,4W-3,4W,3160.170076,102.6188309,2023-04-14 04:01:04+00:00,2023-04-14 05:01:05+00:00,1.000277778,2,Wellhead
5W-13,5W-1,5W,3053.504679,153.4329581,2023-04-14 04:01:04+00:00,2023-04-14 05:01:05+00:00,1.000277778,2,Wellhead
4T-32,4T-3,4T,2606.278347,149.0077881,2023-04-14 00:31:01+00:00,2023-04-14 02:01:02+00:00,1.500277778,2,Tank
4S-21,4S-2,4S,1196.835943,67.47834202,2023-04-14 00:31:01+00:00,2023-04-14 02:01:02+00:00,1.500277778,2,Seperator
4T-12,4T-1,4T,2957.825997,395.8699092,2023-04-13 20:38:55+00:00,2023-04-13 21:30:55+00:00,0.866666667,3,Tank
5S-32,5S-3,5S,1484.304236,503.1664951,2023-04-13 20:38:55+00:00,2023-04-13 21:30:55+00:00,0.866666667,3,Seperator
4W-32,4W-3,4W,1672.777464,69.56997511,2023-04-13 16:08:52+00:00,2023-04-13 17:38:51+00:00,1.499722222,2,Wellhead
5W-22,5W-2,5W,1662.456908,141.8425121,2023-04-13 16:08:52+00:00,2023-04-13 17:38:51+00:00,1.499722222,2,Wellhead
5W-22,5W-2,5W,1665.152258,137.0382072,2023-04-13 12:16:49+00:00,2023-04-13 13:08:49+00:00,0.866666667,4,Wellhead
4T-11,4T-1,4T,1513.641251,135.7704598,2023-04-13 12:16:49+00:00,2023-04-13 13:08:49+00:00,0.866666667,4,Tank
4S-21,4S-2,4S,1233.656706,56.18267878,2023-04-13 12:16:49+00:00,2023-04-13 13:08:49+00:00,0.866666667,4,Seperator
4S-43,4S-4,4S,3032.616311,186.4928784,2023-04-13 08:31:46+00:00,2023-04-13 09:16:46+00:00,0.75,2,Seperator
5S-26,5S-2,5S,2829.040619,155.5293749,2023-04-13 08:31:46+00:00,2023-04-13 09:16:46+00:00,0.75,2,Seperator
4T-31,4T-3,4T,1453.327871,152.1315639,2023-04-13 04:31:44+00:00,2023-04-13 05:31:44+00:00,1,2,Tank
4S-21,4S-2,4S,1213.436485,58.86779528,2023-04-13 04:31:44+00:00,2023-04-13 05:31:44+00:00,1,2,Seperator
5W-13,5W-1,5W,2811.17839,147.253185,2023-04-13 00:46:41+00:00,2023-04-13 01:31:42+00:00,0.750277778,2,Wellhead
4W-27,4W-2,4W,2437.861076,93.04921896,2023-04-13 00:46:41+00:00,2023-04-13 01:31:42+00:00,0.750277778,2,Wellhead
4T-31,4T-3,4T,1408.08287,432.4257049,2023-04-12 23:42:21+00:00,2023-04-12 23:44:06+00:00,0.029166667,2,Tank
4S-21,4S-2,4S,1271.362347,387.3595694,2023-04-12 23:42:21+00:00,2023-04-12 23:44:06+00:00,0.029166667,2,Seperator
4W-32,4W-3,4W,1693.13486,460.0226069,2023-04-12 23:35:17+00:00,2023-04-12 23:36:36+00:00,0.021944444,2,Wellhead
5W-22,5W-2,5W,1544.784783,658.5545708,2023-04-12 23:35:17+00:00,2023-04-12 23:36:36+00:00,0.021944444,2,Wellhead
4S-43,4S-4,4S,2982.73784,932.3713881,2023-04-12 23:24:09+00:00,2023-04-12 23:25:46+00:00,0.026944444,2,Seperator
5S-26,5S-2,5S,2608.012463,886.9821811,2023-04-12 23:24:09+00:00,2023-04-12 23:25:46+00:00,0.026944444,2,Seperator
5W-13,5W-1,5W,3070.142498,1091.47961,2023-04-12 23:22:02+00:00,2023-04-12 23:23:29+00:00,0.024166667,2,Wellhead
4W-27,4W-2,4W,2502.809923,632.1162897,2023-04-12 23:22:02+00:00,2023-04-12 23:23:29+00:00,0.024166667,2,Wellhead
5W-22,5W-2,5W,1611.119849,165.0211796,2023-04-12 19:51:53+00:00,2023-04-12 21:28:53+00:00,1.616666667,4,Wellhead
4T-11,4T-1,4T,1462.039579,379.880863,2023-04-12 19:51:53+00:00,2023-04-12 21:28:53+00:00,1.616666667,4,Tank
4S-21,4S-2,4S,1178.455685,59.96202021,2023-04-12 19:51:53+00:00,2023-04-12 21:28:53+00:00,1.616666667,4,Seperator
4T-32,4T-3,4T,2592.851603,141.8325257,2023-04-12 16:44:51+00:00,2023-04-12 17:51:51+00:00,1.116666667,4,Tank
5W-13,5W-1,5W,2439.627009,207.632847,2023-04-12 16:44:51+00:00,2023-04-12 17:51:51+00:00,1.116666667,4,Wellhead
4W-27,4W-2,4W,1644.029674,69.7100558,2023-04-12 16:44:51+00:00,2023-04-12 17:51:51+00:00,1.116666667,4,Wellhead
5S-32,5S-3,5S,2387.963459,160.21002,2023-04-12 03:14:18+00:00,2023-04-12 03:51:19+00:00,0.616944444,4,Seperator
4T-12,4T-1,4T,1516.51542,136.1927981,2023-04-12 03:14:18+00:00,2023-04-12 03:51:19+00:00,0.616944444,4,Tank
4S-43,4S-4,4S,869.669172,68.11039163,2023-04-12 03:14:18+00:00,2023-04-12 03:51:19+00:00,0.616944444,4,Seperator
5S-26,5S-2,5S,2288.24398,134.8323623,2023-04-11 23:37:16+00:00,2023-04-12 00:14:16+00:00,0.616666667,4,Seperator
4T-31,4T-3,4T,1654.321887,246.248322,2023-04-11 23:37:16+00:00,2023-04-12 00:14:16+00:00,0.616666667,4,Tank
4W-32,4W-3,4W,1652.563804,105.1567696,2023-04-11 23:37:16+00:00,2023-04-12 00:14:16+00:00,0.616666667,4,Wellhead
5W-22,5W-2,5W,1626.283519,136.0672186,2023-04-11 19:00:13+00:00,2023-04-11 19:37:13+00:00,0.616666667,4,Wellhead
4T-11,4T-1,4T,1492.141645,144.0217907,2023-04-11 19:00:13+00:00,2023-04-11 19:37:13+00:00,0.616666667,4,Tank
4S-21,4S-2,4S,1180.618284,60.97399256,2023-04-11 19:00:13+00:00,2023-04-11 19:37:13+00:00,0.616666667,4,Seperator
4T-32,4T-3,4T,2652.8069,262.5706357,2023-04-11 15:38:10+00:00,2023-04-11 16:00:10+00:00,0.366666667,4,Tank
5W-13,5W-1,5W,2500.03758,283.2731581,2023-04-11 15:38:10+00:00,2023-04-11 16:00:10+00:00,0.366666667,4,Wellhead
4W-27,4W-2,4W,1673.478866,124.456624,2023-04-11 15:38:10+00:00,2023-04-11 16:00:10+00:00,0.366666667,4,Wellhead
5S-32,5S-3,5S,2479.003264,134.7027935,2023-04-11 11:01:05+00:00,2023-04-11 11:38:05+00:00,0.616666667,4,Seperator
4T-12,4T-1,4T,1528.378155,339.4013287,2023-04-11 11:01:05+00:00,2023-04-11 11:38:05+00:00,0.616666667,4,Tank
4S-43,4S-4,4S,859.0090524,59.09247664,2023-04-11 11:01:05+00:00,2023-04-11 11:38:05+00:00,0.616666667,4,Seperator
5S-12,5S-1,5S,2458.789215,244.1247922,2023-04-11 07:24:02+00:00,2023-04-11 08:01:02+00:00,0.616666667,4,Seperator
4T-31,4T-3,4T,1726.720164,258.6935642,2023-04-11 07:24:02+00:00,2023-04-11 08:01:02+00:00,0.616666667,4,Tank
4W-32,4W-3,4W,1707.277172,69.67499259,2023-04-11 07:24:02+00:00,2023-04-11 08:01:02+00:00,0.616666667,4,Wellhead
5W-22,5W-2,5W,1657.815881,137.4642899,2023-04-11 02:47:00+00:00,2023-04-11 03:24:00+00:00,0.616666667,4,Wellhead
4T-11,4T-1,4T,1505.719441,225.5894692,2023-04-11 02:47:00+00:00,2023-04-11 03:24:00+00:00,0.616666667,4,Tank
4S-21,4S-2,4S,1212.24728,58.12251765,2023-04-11 02:47:00+00:00,2023-04-11 03:24:00+00:00,0.616666667,4,Seperator
4W-27,4W-2,4W,1674.361583,59.95021518,2023-04-10 23:24:57+00:00,2023-04-10 23:46:56+00:00,0.366388889,6,Wellhead
5W-13,5W-1,5W,0,0,2023-04-10 23:24:57+00:00,2023-04-10 23:46:56+00:00,0.366388889,6,Wellhead
4W-51,4W-5,4W,0,0,2023-04-10 23:24:57+00:00,2023-04-10 23:46:56+00:00,0.366388889,6,Wellhead
4T-32,4T-3,4T,0,0,2023-04-10 23:24:57+00:00,2023-04-10 23:46:56+00:00,0.366388889,6,Tank
5W-18,5W-1,5W,631.7052798,27.20433236,2023-04-10 08:14:58+00:00,2023-04-10 09:21:57+00:00,1.116388889,5,Wellhead
4W-54,4W-5,4W,587.3962979,30.15291104,2023-04-10 08:14:58+00:00,2023-04-10 09:21:57+00:00,1.116388889,5,Wellhead
5S-35,5S-3,5S,542.0109231,35.50386671,2023-04-10 08:14:58+00:00,2023-04-10 09:21:57+00:00,1.116388889,5,Seperator
4S-14,4S-1,4S,503.7078852,28.19569372,2023-04-10 08:14:58+00:00,2023-04-10 09:21:57+00:00,1.116388889,5,Seperator
5S-34,5S-3,5S,1308.635182,43.17815565,2023-04-10 02:44:55+00:00,2023-04-10 03:14:55+00:00,0.5,2,Seperator
4W-51,4W-5,4W,1077.469894,52.1341889,2023-04-10 02:44:55+00:00,2023-04-10 03:14:55+00:00,0.5,2,Wellhead
4T-11,4T-1,4T,942.9260489,30.55681825,2023-04-09 20:52:52+00:00,2023-04-09 21:44:52+00:00,0.866666667,4,Tank
5S-23,5S-2,5S,853.1608203,28.81104923,2023-04-09 20:52:52+00:00,2023-04-09 21:44:52+00:00,0.866666667,4,Seperator
4S-42,4S-4,4S,565.2663668,27.6130368,2023-04-09 20:52:52+00:00,2023-04-09 21:44:52+00:00,0.866666667,4,Seperator
5W-23,5W-2,5W,663.465753,51.04002282,2023-04-09 15:11:49+00:00,2023-04-09 15:52:49+00:00,0.683333333,6,Wellhead
4T-31,4T-3,4T,653.5233106,27.95820233,2023-04-09 15:11:49+00:00,2023-04-09 15:52:49+00:00,0.683333333,6,Tank
5S-36,5S-3,5S,610.2575523,37.31110437,2023-04-09 15:11:49+00:00,2023-04-09 15:52:49+00:00,0.683333333,6,Seperator
4W-26,4W-2,4W,491.0152421,27.77759294,2023-04-09 15:11:49+00:00,2023-04-09 15:52:49+00:00,0.683333333,6,Wellhead
4S-12,4S-1,4S,436.2926481,29.53863591,2023-04-09 15:11:49+00:00,2023-04-09 15:52:49+00:00,0.683333333,6,Seperator
5W-33,5W-3,5W,1736.114905,47.20185771,2023-04-09 09:26:46+00:00,2023-04-09 10:11:46+00:00,0.75,2,Wellhead
4S-23,4S-2,4S,1111.545174,32.54877288,2023-04-09 09:26:46+00:00,2023-04-09 10:11:46+00:00,0.75,2,Seperator
5W-110,5W-1,5W,910.3924599,37.68435569,2023-04-09 03:49:44+00:00,2023-04-09 04:26:44+00:00,0.616666667,4,Wellhead
4W-22,4W-2,4W,865.4894261,29.33537748,2023-04-09 03:49:44+00:00,2023-04-09 04:26:44+00:00,0.616666667,4,Wellhead
4T-31,4T-3,4T,853.4837727,64.69120859,2023-04-09 03:49:44+00:00,2023-04-09 04:26:44+00:00,0.616666667,4,Tank
5S-34,5S-3,5S,1266.935309,39.33580682,2023-04-08 22:04:40+00:00,2023-04-08 22:49:40+00:00,0.75,2,Seperator
4W-51,4W-5,4W,1042.552059,32.70385076,2023-04-08 22:04:40+00:00,2023-04-08 22:49:40+00:00,0.75,2,Wellhead
5S-34,5S-3,5S,762.4236357,29.55942229,2023-04-08 15:57:37+00:00,2023-04-08 17:04:37+00:00,1.116666667,4,Seperator
4S-16,4S-1,4S,722.0599478,29.63813932,2023-04-08 15:57:37+00:00,2023-04-08 17:04:37+00:00,1.116666667,4,Seperator
4W-33,4W-3,4W,493.854237,39.21002041,2023-04-08 15:57:37+00:00,2023-04-08 17:04:37+00:00,1.116666667,4,Wellhead
5W-23,5W-2,5W,688.9118273,32.19379029,2023-04-08 10:01:36+00:00,2023-04-08 10:57:36+00:00,0.933333333,6,Wellhead
4T-31,4T-3,4T,677.7649016,42.85852299,2023-04-08 10:01:36+00:00,2023-04-08 10:57:36+00:00,0.933333333,6,Tank
5S-36,5S-3,5S,632.9847454,27.50845603,2023-04-08 10:01:36+00:00,2023-04-08 10:57:36+00:00,0.933333333,6,Seperator
4W-26,4W-2,4W,515.8468028,29.47225964,2023-04-08 10:01:36+00:00,2023-04-08 10:57:36+00:00,0.933333333,6,Wellhead
4S-12,4S-1,4S,456.5266033,28.76773576,2023-04-08 10:01:36+00:00,2023-04-08 10:57:36+00:00,0.933333333,6,Seperator
5W-18,5W-1,5W,615.7211802,30.07102434,2023-04-08 03:54:33+00:00,2023-04-08 05:01:33+00:00,1.116666667,5,Wellhead
4W-54,4W-5,4W,584.0549431,34.46368163,2023-04-08 03:54:33+00:00,2023-04-08 05:01:33+00:00,1.116666667,5,Wellhead
5S-35,5S-3,5S,526.5617061,27.96938967,2023-04-08 03:54:33+00:00,2023-04-08 05:01:33+00:00,1.116666667,5,Seperator
4S-14,4S-1,4S,499.8739858,29.62232412,2023-04-08 03:54:33+00:00,2023-04-08 05:01:33+00:00,1.116666667,5,Seperator
5W-33,5W-3,5W,1612.546533,36.97501171,2023-04-07 22:24:29+00:00,2023-04-07 22:54:29+00:00,0.5,2,Wellhead
4S-23,4S-2,4S,1016.520593,32.53881035,2023-04-07 22:24:29+00:00,2023-04-07 22:54:29+00:00,0.5,2,Seperator
5W-110,5W-1,5W,824.965649,33.38313938,2023-04-07 16:36:33+00:00,2023-04-07 18:43:33+00:00,2.116666667,4,Wellhead
4W-22,4W-2,4W,813.4735696,170.8549288,2023-04-07 16:36:33+00:00,2023-04-07 18:43:33+00:00,2.116666667,4,Wellhead
4T-31,4T-3,4T,798.5408524,94.82870896,2023-04-07 16:36:33+00:00,2023-04-07 18:43:33+00:00,2.116666667,4,Tank
5S-34,5S-3,5S,768.0617784,38.65453859,2023-04-07 10:07:29+00:00,2023-04-07 11:14:29+00:00,1.116666667,4,Seperator
4S-16,4S-1,4S,729.2682517,29.79096146,2023-04-07 10:07:29+00:00,2023-04-07 11:14:29+00:00,1.116666667,4,Seperator
4W-33,4W-3,4W,648.2036844,39.42010275,2023-04-07 10:07:29+00:00,2023-04-07 11:14:29+00:00,1.116666667,4,Wellhead
4T-31,4T-3,4T,641.2672626,86.03507386,2023-04-07 06:11:25+00:00,2023-04-07 07:07:25+00:00,0.933333333,6,Tank
5W-23,5W-2,5W,640.1724797,27.58549045,2023-04-07 06:11:25+00:00,2023-04-07 07:07:25+00:00,0.933333333,6,Wellhead
5S-36,5S-3,5S,580.7879146,27.41870778,2023-04-07 06:11:25+00:00,2023-04-07 07:07:25+00:00,0.933333333,6,Seperator
4W-26,4W-2,4W,482.1783998,27.91534327,2023-04-07 06:11:25+00:00,2023-04-07 07:07:25+00:00,0.933333333,6,Wellhead
4S-12,4S-1,4S,425.7898338,30.09572815,2023-04-07 06:11:25+00:00,2023-04-07 07:07:25+00:00,0.933333333,6,Seperator
5S-34,5S-3,5S,1285.651813,53.96663151,2023-04-07 02:26:23+00:00,2023-04-07 03:11:23+00:00,0.75,2,Seperator
4W-51,4W-5,4W,1064.938306,53.0292363,2023-04-07 02:26:23+00:00,2023-04-07 03:11:23+00:00,0.75,2,Wellhead
5W-110,5W-1,5W,829.9408211,33.95504737,2023-04-06 21:49:20+00:00,2023-04-06 23:26:20+00:00,1.616666667,4,Wellhead
4W-22,4W-2,4W,808.2669544,29.76622381,2023-04-06 21:49:20+00:00,2023-04-06 23:26:20+00:00,1.616666667,4,Wellhead
4T-31,4T-3,4T,783.113992,226.0728992,2023-04-06 21:49:20+00:00,2023-04-06 23:26:20+00:00,1.616666667,4,Tank
5W-33,5W-3,5W,1615.277772,60.12458697,2023-04-06 18:04:17+00:00,2023-04-06 18:49:17+00:00,0.75,2,Wellhead
4S-23,4S-2,4S,1013.534379,44.57632641,2023-04-06 18:04:17+00:00,2023-04-06 18:49:17+00:00,0.75,2,Seperator
4T-11,4T-1,4T,1025.681723,32.99021568,2023-04-06 13:57:13+00:00,2023-04-06 15:04:12+00:00,1.116388889,4,Tank
5S-23,5S-2,5S,923.367152,33.55006878,2023-04-06 13:57:13+00:00,2023-04-06 15:04:12+00:00,1.116388889,4,Seperator
4S-42,4S-4,4S,620.5357919,31.14190396,2023-04-06 13:57:13+00:00,2023-04-06 15:04:12+00:00,1.116388889,4,Seperator
5W-18,5W-1,5W,610.4612849,28.49508243,2023-04-06 09:20:11+00:00,2023-04-06 10:57:11+00:00,1.616666667,5,Wellhead
4W-54,4W-5,4W,588.1163281,38.96370576,2023-04-06 09:20:11+00:00,2023-04-06 10:57:11+00:00,1.616666667,5,Wellhead
5S-35,5S-3,5S,523.9091927,28.95340917,2023-04-06 09:20:11+00:00,2023-04-06 10:57:11+00:00,1.616666667,5,Seperator
4S-14,4S-1,4S,504.691912,28.27193902,2023-04-06 09:20:11+00:00,2023-04-06 10:57:11+00:00,1.616666667,5,Seperator
5S-34,5S-3,5S,770.0365041,37.41252234,2023-04-06 05:28:09+00:00,2023-04-06 06:20:08+00:00,0.866388889,4,Seperator
4S-16,4S-1,4S,736.7924451,53.35386916,2023-04-06 05:28:09+00:00,2023-04-06 06:20:08+00:00,0.866388889,4,Seperator
4W-33,4W-3,4W,675.4601061,31.83504125,2023-04-06 05:28:09+00:00,2023-04-06 06:20:08+00:00,0.866388889,4,Wellhead
4T-31,4T-3,4T,636.0195161,49.75996886,2023-04-06 01:17:07+00:00,2023-04-06 02:28:07+00:00,1.183333333,6,Tank
5W-23,5W-2,5W,634.3863243,28.88857874,2023-04-06 01:17:07+00:00,2023-04-06 02:28:07+00:00,1.183333333,6,Wellhead
5S-36,5S-3,5S,578.7817669,28.06193918,2023-04-06 01:17:07+00:00,2023-04-06 02:28:07+00:00,1.183333333,6,Seperator
4W-26,4W-2,4W,476.8063478,30.24569385,2023-04-06 01:17:07+00:00,2023-04-06 02:28:07+00:00,1.183333333,6,Wellhead
4S-12,4S-1,4S,418.3030707,30.08021866,2023-04-06 01:17:07+00:00,2023-04-06 02:28:07+00:00,1.183333333,6,Seperator
5W-18,5W-1,5W,189.1890717,3.692566993,2023-04-05 16:10:28+00:00,2023-04-05 21:47:29+00:00,5.616944444,4,Wellhead
4W-54,4W-5,4W,139.1236061,3.240838532,2023-04-05 16:10:28+00:00,2023-04-05 21:47:29+00:00,5.616944444,4,Wellhead
4S-16,4S-1,4S,104.7081385,3.401303726,2023-04-05 16:10:28+00:00,2023-04-05 21:47:29+00:00,5.616944444,4,Seperator
5S-23,5S-2,5S,203.5212136,3.726990135,2023-04-05 09:40:26+00:00,2023-04-05 14:10:26+00:00,4.5,2,Seperator
4W-33,4W-3,4W,173.1208258,4.098889974,2023-04-05 09:40:26+00:00,2023-04-05 14:10:26+00:00,4.5,2,Wellhead
5S-34,5S-3,5S,203.0680184,3.640806587,2023-04-05 02:03:23+00:00,2023-04-05 07:40:23+00:00,5.616666667,4,Seperator
4S-42,4S-4,4S,106.9923396,3.417687863,2023-04-05 02:03:23+00:00,2023-04-05 07:40:23+00:00,5.616666667,4,Seperator
4W-22,4W-2,4W,100.0399943,3.12566408,2023-04-05 02:03:23+00:00,2023-04-05 07:40:23+00:00,5.616666667,4,Wellhead
5W-23,5W-2,5W,103.7517215,2.873696301,2023-04-04 20:26:20+00:00,2023-04-05 00:03:20+00:00,3.616666667,5,Wellhead
4S-14,4S-1,4S,103.299394,3.416333796,2023-04-04 20:26:20+00:00,2023-04-05 00:03:20+00:00,3.616666667,5,Seperator
4W-26,4W-2,4W,49.19197664,2.781976013,2023-04-04 20:26:20+00:00,2023-04-05 00:03:20+00:00,3.616666667,5,Wellhead
5S-36,5S-3,5S,47.1481415,2.951754853,2023-04-04 20:26:20+00:00,2023-04-05 00:03:20+00:00,3.616666667,5,Seperator
5W-110,5W-1,5W,103.1248607,2.868487248,2023-04-04 11:49:18+00:00,2023-04-04 18:26:19+00:00,6.616944444,4,Wellhead
5S-35,5S-3,5S,47.60916222,2.671150853,2023-04-04 11:49:18+00:00,2023-04-04 18:26:19+00:00,6.616944444,4,Seperator
4S-12,4S-1,4S,44.81681978,3.465043022,2023-04-04 11:49:18+00:00,2023-04-04 18:26:19+00:00,6.616944444,4,Seperator
5S-34,5S-3,5S,200.7332796,3.659455554,2023-04-04 06:12:17+00:00,2023-04-04 09:49:16+00:00,3.616388889,4,Seperator
4S-42,4S-4,4S,106.2520956,3.784124385,2023-04-04 06:12:17+00:00,2023-04-04 09:49:16+00:00,3.616388889,4,Seperator
4W-22,4W-2,4W,98.98131189,3.308990076,2023-04-04 06:12:17+00:00,2023-04-04 09:49:16+00:00,3.616388889,4,Wellhead
5W-18,5W-1,5W,187.5493673,3.96354317,2023-04-03 22:35:14+00:00,2023-04-04 04:12:14+00:00,5.616666667,4,Wellhead
4W-54,4W-5,4W,136.8989165,3.221250904,2023-04-03 22:35:14+00:00,2023-04-04 04:12:14+00:00,5.616666667,4,Wellhead
4S-16,4S-1,4S,102.9050436,4.465856861,2023-04-03 22:35:14+00:00,2023-04-04 04:12:14+00:00,5.616666667,4,Seperator
4S-23,4S-2,4S,1066.147617,36.11217177,2023-04-03 19:05:12+00:00,2023-04-03 20:35:12+00:00,1.5,2,Seperator
5W-18,5W-1,5W,595.5267631,34.77305951,2023-04-03 19:05:12+00:00,2023-04-03 20:35:12+00:00,1.5,2,Wellhead
5S-36,5S-3,5S,106.3180662,136.1254899,2023-04-03 17:03:19+00:00,2023-04-03 18:10:19+00:00,1.116666667,5,Seperator
5W-23,5W-2,5W,105.2695376,137.4376053,2023-04-03 17:03:19+00:00,2023-04-03 18:10:19+00:00,1.116666667,5,Wellhead
4W-26,4W-2,4W,30.94695328,54.12338212,2023-04-03 17:03:19+00:00,2023-04-03 18:10:19+00:00,1.116666667,5,Wellhead
4S-14,4S-1,4S,30.59523124,53.73115209,2023-04-03 17:03:19+00:00,2023-04-03 18:10:19+00:00,1.116666667,5,Seperator
5W-18,5W-1,5W,121.5192434,137.0959729,2023-04-03 15:01:56+00:00,2023-04-03 16:30:07+00:00,1.469722222,4,Wellhead
4S-16,4S-1,4S,14.39477185,53.19602737,2023-04-03 15:01:56+00:00,2023-04-03 16:30:07+00:00,1.469722222,4,Seperator
4W-54,4W-5,4W,14.0970828,53.51426542,2023-04-03 15:01:56+00:00,2023-04-03 16:30:07+00:00,1.469722222,4,Wellhead
5S-34,5S-3,5S,112.6475827,136.6845715,2023-04-03 08:24:53+00:00,2023-04-03 13:01:53+00:00,4.616666667,4,Seperator
4W-22,4W-2,4W,6.3277565,51.94840366,2023-04-03 08:24:53+00:00,2023-04-03 13:01:53+00:00,4.616666667,4,Wellhead
4S-42,4S-4,4S,6.27899069,51.74433805,2023-04-03 08:24:53+00:00,2023-04-03 13:01:53+00:00,4.616666667,4,Seperator
5W-18,5W-1,5W,125.4869928,139.6450561,2023-04-02 23:47:51+00:00,2023-04-03 05:24:52+00:00,5.616944444,4,Wellhead
4W-54,4W-5,4W,56.9212741,53.83773768,2023-04-02 23:47:51+00:00,2023-04-03 05:24:52+00:00,5.616944444,4,Wellhead
4S-16,4S-1,4S,56.37975512,54.52650937,2023-04-02 23:47:51+00:00,2023-04-03 05:24:52+00:00,5.616944444,4,Seperator
5S-23,5S-2,5S,136.3094949,140.8382052,2023-04-02 16:17:48+00:00,2023-04-02 19:47:48+00:00,3.5,2,Seperator
4W-33,4W-3,4W,62.39429248,60.14143131,2023-04-02 16:17:48+00:00,2023-04-02 19:47:48+00:00,3.5,2,Wellhead
5W-18,5W-1,5W,118.2270306,136.561201,2023-04-02 07:40:46+00:00,2023-04-02 13:17:46+00:00,5.616666667,4,Wellhead
4S-16,4S-1,4S,16.32727291,53.6335945,2023-04-02 07:40:46+00:00,2023-04-02 13:17:46+00:00,5.616666667,4,Seperator
4W-54,4W-5,4W,15.62648379,53.96435449,2023-04-02 07:40:46+00:00,2023-04-02 13:17:46+00:00,5.616666667,4,Wellhead
5S-34,5S-3,5S,127.4028559,137.4260047,2023-04-01 23:03:45+00:00,2023-04-02 03:40:45+00:00,4.616666667,4,Seperator
4S-42,4S-4,4S,42.03216178,54.42671337,2023-04-01 23:03:45+00:00,2023-04-02 03:40:45+00:00,4.616666667,4,Seperator
4W-22,4W-2,4W,40.60005687,53.97796802,2023-04-01 23:03:45+00:00,2023-04-02 03:40:45+00:00,4.616666667,4,Wellhead
5W-18,5W-1,5W,91.15112186,137.1251184,2023-03-31 02:08:14+00:00,2023-03-31 09:45:14+00:00,7.616666667,4,Wellhead
4W-54,4W-5,4W,17.52710876,53.42482641,2023-03-31 02:08:14+00:00,2023-03-31 09:45:14+00:00,7.616666667,4,Wellhead
4S-16,4S-1,4S,15.30528882,53.83728948,2023-03-31 02:08:14+00:00,2023-03-31 09:45:14+00:00,7.616666667,4,Seperator
5S-36,5S-3,5S,91.82735074,136.1500941,2023-03-30 15:31:10+00:00,2023-03-30 23:08:10+00:00,7.616666667,5,Seperator
5W-23,5W-2,5W,90.44402616,134.5776897,2023-03-30 15:31:10+00:00,2023-03-30 23:08:10+00:00,7.616666667,5,Wellhead
4W-26,4W-2,4W,13.58784697,53.42723208,2023-03-30 15:31:10+00:00,2023-03-30 23:08:10+00:00,7.616666667,5,Wellhead
4S-14,4S-1,4S,12.33158094,53.39425175,2023-03-30 15:31:10+00:00,2023-03-30 23:08:10+00:00,7.616666667,5,Seperator
5S-35,5S-3,5S,90.45099057,134.9772562,2023-03-30 06:54:09+00:00,2023-03-30 13:31:08+00:00,6.616388889,4,Seperator
5W-110,5W-1,5W,88.54075697,135.504394,2023-03-30 06:54:09+00:00,2023-03-30 13:31:08+00:00,6.616388889,4,Wellhead
4S-12,4S-1,4S,7.848515288,53.56701859,2023-03-30 06:54:09+00:00,2023-03-30 13:31:08+00:00,6.616388889,4,Seperator
5S-34,5S-3,5S,93.86325898,138.5753555,2023-03-29 22:17:05+00:00,2023-03-30 03:54:05+00:00,5.616666667,4,Seperator
4S-42,4S-4,4S,41.55567799,53.71828923,2023-03-29 22:17:05+00:00,2023-03-30 03:54:05+00:00,5.616666667,4,Seperator
4W-22,4W-2,4W,40.93186981,53.7340728,2023-03-29 22:17:05+00:00,2023-03-30 03:54:05+00:00,5.616666667,4,Wellhead
5S-23,5S-2,5S,97.77042651,137.7923054,2023-03-29 14:17:02+00:00,2023-03-29 20:17:02+00:00,6,2,Seperator
4W-33,4W-3,4W,20.94890605,59.73989869,2023-03-29 14:17:02+00:00,2023-03-29 20:17:02+00:00,6,2,Wellhead
5W-18,5W-1,5W,87.83102177,136.6523942,2023-03-29 05:39:59+00:00,2023-03-29 11:16:59+00:00,5.616666667,4,Wellhead
4S-16,4S-1,4S,9.664467956,53.38456404,2023-03-29 05:39:59+00:00,2023-03-29 11:16:59+00:00,5.616666667,4,Seperator
4W-54,4W-5,4W,8.903952593,53.00502116,2023-03-29 05:39:59+00:00,2023-03-29 11:16:59+00:00,5.616666667,4,Wellhead
5W-23,5W-2,5W,107.2540554,136.5933723,2023-03-28 21:02:56+00:00,2023-03-29 03:39:57+00:00,6.616944444,5,Wellhead
5S-36,5S-3,5S,106.3296261,137.124543,2023-03-28 21:02:56+00:00,2023-03-29 03:39:57+00:00,6.616944444,5,Seperator
4S-14,4S-1,4S,38.56803418,54.14875754,2023-03-28 21:02:56+00:00,2023-03-29 03:39:57+00:00,6.616944444,5,Seperator
4W-26,4W-2,4W,38.44063917,54.05366932,2023-03-28 21:02:56+00:00,2023-03-29 03:39:57+00:00,6.616944444,5,Wellhead
4T-22,4T-2,4T,1012.844879,534.6100452,2023-03-27 16:44:52+00:00,2023-03-27 19:44:51+00:00,2.999722222,1,Tank
5S-32,5S-3,5S,1593.970507,361.5595674,2023-03-27 13:44:48+00:00,2023-03-27 14:44:48+00:00,1,1,Seperator
4T-12,4T-1,4T,3598.527162,313.8988016,2023-03-27 09:07:45+00:00,2023-03-27 10:44:45+00:00,1.616666667,4,Tank
5W-11,5W-1,5W,2726.732224,334.8038813,2023-03-27 09:07:45+00:00,2023-03-27 10:44:45+00:00,1.616666667,4,Wellhead
4S-33,4S-3,4S,790.7220669,694.4808668,2023-03-27 09:07:45+00:00,2023-03-27 10:44:45+00:00,1.616666667,4,Seperator
4S-23,4S-2,4S,3195.406939,796.9983274,2023-03-27 02:07:43+00:00,2023-03-27 07:07:43+00:00,5,1,Seperator
4T-22,4T-2,4T,5222.798469,244.123686,2023-03-26 21:07:40+00:00,2023-03-26 23:07:40+00:00,2,1,Tank
5W-11,5W-1,5W,4982.876468,171.3773364,2023-03-26 16:07:37+00:00,2023-03-26 19:07:37+00:00,3,1,Wellhead
4T-22,4T-2,4T,5911.641801,167.1338566,2023-03-26 08:30:34+00:00,2023-03-26 13:07:35+00:00,4.616944444,4,Tank
4W-51,4W-5,4W,5090.307115,417.0163098,2023-03-26 08:30:34+00:00,2023-03-26 13:07:35+00:00,4.616944444,4,Wellhead
5S-32,5S-3,5S,3345.015258,200.4588571,2023-03-26 08:30:34+00:00,2023-03-26 13:07:35+00:00,4.616944444,4,Seperator
4S-23,4S-2,4S,3636.545954,94.86196335,2023-03-26 02:30:31+00:00,2023-03-26 06:30:31+00:00,4,1,Seperator
4T-22,4T-2,4T,5293.607391,251.6904088,2023-03-25 20:30:29+00:00,2023-03-25 23:30:30+00:00,3.000277778,1,Tank
5W-11,5W-1,5W,5086.075344,160.6431277,2023-03-25 15:30:27+00:00,2023-03-25 17:30:27+00:00,2,1,Wellhead
4T-12,4T-1,4T,7097.67845,230.5096695,2023-03-25 11:00:25+00:00,2023-03-25 13:30:25+00:00,2.5,1,Tank
5S-26,5S-2,5S,3978.566245,177.9390792,2023-03-25 07:30:21+00:00,2023-03-25 08:00:21+00:00,0.5,1,Seperator
4W-11,4W-1,4W,3438.335242,90.55817345,2023-03-25 04:30:18+00:00,2023-03-25 05:30:18+00:00,1,1,Wellhead
4T-12,4T-1,4T,6728.691461,305.0321531,2023-03-24 23:23:15+00:00,2023-03-25 01:30:15+00:00,2.116666667,4,Tank
5W-11,5W-1,5W,4122.738439,134.3632992,2023-03-24 23:23:15+00:00,2023-03-25 01:30:15+00:00,2.116666667,4,Wellhead
4S-33,4S-3,4S,3773.328546,116.7289797,2023-03-24 23:23:15+00:00,2023-03-25 01:30:15+00:00,2.116666667,4,Seperator
4S-43,4S-4,4S,3565.347585,98.94137936,2023-03-24 14:31:28+00:00,2023-03-24 18:31:28+00:00,4,1,Seperator
5W-22,5W-2,5W,5557.16434,184.1100996,2023-03-24 07:31:26+00:00,2023-03-24 11:31:25+00:00,3.999722222,1,Wellhead
4T-22,4T-2,4T,6011.21503,213.3227993,2023-03-24 02:31:22+00:00,2023-03-24 05:31:23+00:00,3.000277778,1,Tank
4S-21,4S-2,4S,1739.76603,73.38115483,2023-03-23 19:31:20+00:00,2023-03-23 23:31:19+00:00,3.999722222,1,Seperator
5S-27,5S-2,5S,5535.895624,173.4603375,2023-03-23 14:31:17+00:00,2023-03-23 17:31:16+00:00,2.999722222,1,Seperator
4T-12,4T-1,4T,5262.593576,205.1668074,2023-03-23 09:01:14+00:00,2023-03-23 11:31:14+00:00,2.5,1,Tank
5W-22,5W-2,5W,5538.337706,209.2593849,2023-03-23 04:31:12+00:00,2023-03-23 07:01:12+00:00,2.5,1,Wellhead
4T-12,4T-1,4T,6944.174336,272.2847707,2023-03-22 23:31:09+00:00,2023-03-23 01:31:09+00:00,2,1,Tank
5S-12,5S-1,5S,4008.654941,173.19106,2023-03-22 18:01:08+00:00,2023-03-22 21:31:08+00:00,3.5,1,Seperator
4T-22,4T-2,4T,5993.305363,243.2456267,2023-03-22 14:16:03+00:00,2023-03-22 15:01:03+00:00,0.75,1,Tank
5S-27,5S-2,5S,5594.545577,192.2083576,2023-03-22 08:46:00+00:00,2023-03-22 12:16:00+00:00,3.5,1,Seperator
4T-12,4T-1,4T,5244.241528,179.8786847,2023-03-22 02:15:57+00:00,2023-03-22 05:45:57+00:00,3.5,1,Tank
5W-22,5W-2,5W,5867.28565,176.2853269,2023-03-21 21:15:55+00:00,2023-03-22 00:15:55+00:00,3,1,Wellhead
4W-27,4W-2,4W,3429.267887,113.8696966,2023-03-21 15:45:52+00:00,2023-03-21 18:15:52+00:00,2.5,1,Wellhead
4T-11,4T-1,4T,3532.458688,214.6240343,2023-03-21 13:00:48+00:00,2023-03-21 13:45:48+00:00,0.75,1,Tank
4S-43,4S-4,4S,3592.791593,93.69512489,2023-03-21 07:30:47+00:00,2023-03-21 10:00:46+00:00,2.499722222,1,Seperator
5S-12,5S-1,5S,5830.825412,300.0676201,2023-03-21 05:00:45+00:00,2023-03-21 05:30:45+00:00,0.5,1,Seperator
4T-11,4T-1,4T,3107.953268,204.6944399,2023-03-21 00:30:42+00:00,2023-03-21 03:00:43+00:00,2.500277778,1,Tank
5W-13,5W-1,5W,3912.015548,170.537411,2023-03-20 22:00:39+00:00,2023-03-20 22:30:39+00:00,0.5,1,Wellhead
4T-31,4T-3,4T,2070.483424,143.9688676,2023-03-20 15:37:01+00:00,2023-03-20 17:37:00+00:00,1.999722222,1,Tank
5W-13,5W-1,5W,3346.524929,178.3746125,2023-03-20 08:36:58+00:00,2023-03-20 10:36:58+00:00,2,2,Wellhead
4W-27,4W-2,4W,2380.010279,81.89331044,2023-03-20 08:36:58+00:00,2023-03-20 10:36:58+00:00,2,2,Wellhead
4T-11,4T-1,4T,3115.551431,148.9856518,2023-03-20 01:36:56+00:00,2023-03-20 03:36:55+00:00,1.999722222,1,Tank
5W-22,5W-2,5W,3287.323445,157.1851102,2023-03-19 18:06:53+00:00,2023-03-19 20:36:53+00:00,2.5,2,Wellhead
4S-21,4S-2,4S,1644.847656,66.19884488,2023-03-19 18:06:53+00:00,2023-03-19 20:36:53+00:00,2.5,2,Seperator
4T-31,4T-3,4T,2421.484647,161.8588585,2023-03-19 10:06:50+00:00,2023-03-19 13:06:50+00:00,3,1,Tank
4W-32,4W-3,4W,2408.425356,86.85282663,2023-03-19 02:36:47+00:00,2023-03-19 05:06:48+00:00,2.500277778,2,Wellhead
5S-12,5S-1,5S,2218.549837,154.8644713,2023-03-19 02:36:47+00:00,2023-03-19 05:06:48+00:00,2.500277778,2,Seperator
4T-32,4T-3,4T,3488.979047,167.5891158,2023-03-18 19:36:44+00:00,2023-03-18 21:36:44+00:00,2,1,Tank
5W-13,5W-1,5W,3390.471503,196.6863243,2023-03-18 11:36:41+00:00,2023-03-18 14:36:41+00:00,3,2,Wellhead
4W-27,4W-2,4W,2395.387056,89.6549105,2023-03-18 11:36:41+00:00,2023-03-18 14:36:41+00:00,3,2,Wellhead
4T-11,4T-1,4T,3180.757095,178.1982411,2023-03-18 04:36:38+00:00,2023-03-18 06:36:38+00:00,2,1,Tank
5W-22,5W-2,5W,2706.213971,142.3351882,2023-03-17 21:36:34+00:00,2023-03-17 23:36:33+00:00,1.999722222,2,Wellhead
4S-21,4S-2,4S,1985.533884,81.15886138,2023-03-17 21:36:34+00:00,2023-03-17 23:36:33+00:00,1.999722222,2,Seperator
4W-32,4W-3,4W,2351.833693,54.71760683,2023-03-17 14:48:37+00:00,2023-03-17 16:48:37+00:00,2,2,Wellhead
5S-27,5S-2,5S,1716.115642,45.59555622,2023-03-17 14:48:37+00:00,2023-03-17 16:48:37+00:00,2,2,Seperator
4S-43,4S-4,4S,6421.446819,259.0503439,2023-03-17 12:03:36+00:00,2023-03-17 12:48:36+00:00,0.75,1,Seperator
4T-12,4T-1,4T,5261.216753,203.0766461,2023-03-17 08:03:34+00:00,2023-03-17 09:03:34+00:00,1,1,Tank
4S-21,4S-2,4S,2244.863707,158.3755764,2023-03-17 05:03:31+00:00,2023-03-17 06:03:32+00:00,1.000277778,2,Seperator
5W-22,5W-2,5W,1713.830442,46.90808636,2023-03-17 05:03:31+00:00,2023-03-17 06:03:32+00:00,1.000277778,2,Wellhead
4T-22,4T-2,4T,6053.849432,289.0339928,2023-03-17 01:18:29+00:00,2023-03-17 02:03:29+00:00,0.75,1,Tank
4W-27,4W-2,4W,2363.086244,67.00505995,2023-03-16 21:18:25+00:00,2023-03-16 23:18:25+00:00,2,2,Wellhead
5W-13,5W-1,5W,1703.021959,47.61678366,2023-03-16 21:18:25+00:00,2023-03-16 23:18:25+00:00,2,2,Wellhead
4S-43,4S-4,4S,4034.050874,188.8740384,2023-03-16 18:02:19+00:00,2023-03-16 18:18:24+00:00,0.268055556,2,Seperator
5S-12,5S-1,5S,10.10500209,28.09475343,2023-03-16 18:02:19+00:00,2023-03-16 18:18:24+00:00,0.268055556,2,Seperator
4T-31,4T-3,4T,2115.628542,158.1284837,2023-03-16 13:32:15+00:00,2023-03-16 16:02:16+00:00,2.500277778,1,Tank
5S-27,5S-2,5S,41.89314005,29.04537731,2023-03-16 08:32:13+00:00,2023-03-16 10:32:13+00:00,2,2,Seperator
4W-32,4W-3,4W,33.02332429,28.36055115,2023-03-16 08:32:13+00:00,2023-03-16 10:32:13+00:00,2,2,Wellhead
4S-21,4S-2,4S,2350.42707,143.3100351,2023-03-16 05:47:10+00:00,2023-03-16 06:32:10+00:00,0.75,1,Seperator
4T-22,4T-2,4T,3163.695722,204.2331595,2023-03-16 01:17:06+00:00,2023-03-16 02:47:07+00:00,1.500277778,1,Tank
4W-27,4W-2,4W,8.62490032,27.68999111,2023-03-15 21:17:04+00:00,2023-03-15 23:17:05+00:00,2.000277778,2,Wellhead
5W-13,5W-1,5W,3.650286803,26.13545566,2023-03-15 21:17:04+00:00,2023-03-15 23:17:05+00:00,2.000277778,2,Wellhead
4T-11,4T-1,4T,3031.659948,161.3597084,2023-03-15 16:47:02+00:00,2023-03-15 18:17:03+00:00,1.500277778,1,Tank
4S-43,4S-4,4S,4121.914408,197.0995823,2023-03-15 12:47:01+00:00,2023-03-15 14:47:02+00:00,2.000277778,2,Seperator
5S-12,5S-1,5S,22.64036568,29.79169585,2023-03-15 12:47:01+00:00,2023-03-15 14:47:02+00:00,2.000277778,2,Seperator
4T-31,4T-3,4T,2083.669297,140.2203022,2023-03-15 06:46:58+00:00,2023-03-15 09:46:58+00:00,3,1,Tank
4S-21,4S-2,4S,2181.023081,155.1846841,2023-03-15 03:46:55+00:00,2023-03-15 04:46:56+00:00,1.000277778,2,Seperator
5W-22,5W-2,5W,7.096781524,28.03565503,2023-03-15 03:46:55+00:00,2023-03-15 04:46:56+00:00,1.000277778,2,Wellhead
4S-43,4S-4,4S,5001.560174,211.0305135,2023-03-14 23:16:51+00:00,2023-03-15 00:46:51+00:00,1.5,1,Seperator
4T-22,4T-2,4T,5873.588383,289.2746559,2023-03-14 20:16:48+00:00,2023-03-14 21:16:49+00:00,1.000277778,1,Tank
4W-27,4W-2,4W,17.62421099,29.79572208,2023-03-14 15:16:45+00:00,2023-03-14 17:16:46+00:00,2.000277778,2,Wellhead
5W-13,5W-1,5W,8.551172132,31.82684626,2023-03-14 15:16:45+00:00,2023-03-14 17:16:46+00:00,2.000277778,2,Wellhead
4S-21,4S-2,4S,2408.609575,152.5256158,2023-03-14 12:31:43+00:00,2023-03-14 13:16:44+00:00,0.750277778,1,Seperator
4T-31,4T-3,4T,2399.256522,146.4911086,2023-03-14 07:01:40+00:00,2023-03-14 09:31:40+00:00,2.5,1,Tank
4W-32,4W-3,4W,26.70916428,27.59233511,2023-03-14 03:01:39+00:00,2023-03-14 05:01:38+00:00,1.999722222,2,Wellhead
5S-27,5S-2,5S,17.77615611,30.97990864,2023-03-14 03:01:39+00:00,2023-03-14 05:01:38+00:00,1.999722222,2,Seperator
4T-12,4T-1,4T,6923.362653,252.633459,2023-03-13 23:16:34+00:00,2023-03-14 00:01:35+00:00,0.750277778,1,Tank
4W-31,4W-3,4W,52.22018134,2.909052954,2023-03-13 08:59:06+00:00,2023-03-13 14:59:07+00:00,6.000277778,2,Wellhead
5S-21,5S-2,5S,47.37816266,2.974501274,2023-03-13 08:59:06+00:00,2023-03-13 14:59:07+00:00,6.000277778,2,Seperator
4T-31,4T-3,4T,134.6157997,3.181955758,2023-03-13 01:59:03+00:00,2023-03-13 05:59:03+00:00,4,1,Tank
4W-42,4W-4,4W,104.1186867,3.238776739,2023-03-12 15:59:00+00:00,2023-03-12 22:59:00+00:00,7,1,Wellhead
5S-28,5S-2,5S,93.28977164,3.417041823,2023-03-12 07:58:58+00:00,2023-03-12 12:58:58+00:00,5,2,Seperator
4S-44,4S-4,4S,44.74535656,2.785971243,2023-03-12 07:58:58+00:00,2023-03-12 12:58:58+00:00,5,2,Seperator
5W-21,5W-2,5W,100.8354319,3.5078508,2023-03-11 23:58:56+00:00,2023-03-12 05:58:56+00:00,6,1,Wellhead
5S-21,5S-2,5S,128.8973833,3.6848979,2023-03-11 16:51:53+00:00,2023-03-11 20:58:53+00:00,4.116666667,4,Seperator
4W-42,4W-4,4W,102.5585216,2.846271505,2023-03-11 16:51:53+00:00,2023-03-11 20:58:53+00:00,4.116666667,4,Wellhead
4S-31,4S-3,4S,99.57931243,2.971503998,2023-03-11 16:51:53+00:00,2023-03-11 20:58:53+00:00,4.116666667,4,Seperator
4T-31,4T-3,4T,133.3436273,3.314585068,2023-03-11 08:51:51+00:00,2023-03-11 13:51:50+00:00,4.999722222,1,Tank
4W-31,4W-3,4W,51.03500071,3.207467526,2023-03-10 20:51:47+00:00,2023-03-11 05:51:48+00:00,9.000277778,2,Wellhead
5S-21,5S-2,5S,45.97065964,3.108165416,2023-03-10 20:51:47+00:00,2023-03-11 05:51:48+00:00,9.000277778,2,Seperator
5S-32,5S-3,5S,1109.04517,37.32569347,2023-03-10 09:41:43+00:00,2023-03-10 12:11:43+00:00,2.5,1,Seperator
4S-12,4S-1,4S,508.7459527,28.48640036,2023-03-10 05:11:40+00:00,2023-03-10 06:41:40+00:00,1.5,2,Seperator
5W-18,5W-1,5W,444.4747216,32.36936176,2023-03-10 05:11:40+00:00,2023-03-10 06:41:40+00:00,1.5,2,Wellhead
5S-32,5S-3,5S,1074.924305,57.6721025,2023-03-10 00:11:37+00:00,2023-03-10 02:11:38+00:00,2.000277778,1,Seperator
4T-32,4T-3,4T,652.8614864,29.47615051,2023-03-09 19:34:34+00:00,2023-03-09 21:11:35+00:00,1.616944444,4,Tank
4W-26,4W-2,4W,306.7223277,57.95787355,2023-03-09 19:34:34+00:00,2023-03-09 21:11:35+00:00,1.616944444,4,Wellhead
5W-23,5W-2,5W,257.6982375,29.74141114,2023-03-09 19:34:34+00:00,2023-03-09 21:11:35+00:00,1.616944444,4,Wellhead
4T-22,4T-2,4T,1684.314843,78.44874879,2023-03-09 17:04:31+00:00,2023-03-09 17:34:32+00:00,0.500277778,1,Tank
4W-54,4W-5,4W,501.0817534,31.05752527,2023-03-09 12:04:28+00:00,2023-03-09 14:04:28+00:00,2,2,Wellhead
5S-36,5S-3,5S,447.4049069,36.5380175,2023-03-09 12:04:28+00:00,2023-03-09 14:04:28+00:00,2,2,Seperator
4S-33,4S-3,4S,1139.469648,39.93829971,2023-03-09 08:04:26+00:00,2023-03-09 09:04:26+00:00,1,1,Seperator
4T-32,4T-3,4T,671.7073266,110.4598713,2023-03-09 02:57:23+00:00,2023-03-09 05:04:23+00:00,2.116666667,4,Tank
4W-26,4W-2,4W,330.6179138,101.3241644,2023-03-09 02:57:23+00:00,2023-03-09 05:04:23+00:00,2.116666667,4,Wellhead
5W-23,5W-2,5W,289.7222711,29.40728773,2023-03-09 02:57:23+00:00,2023-03-09 05:04:23+00:00,2.116666667,4,Wellhead
4T-22,4T-2,4T,1731.99028,67.81969835,2023-03-08 23:57:21+00:00,2023-03-09 00:57:21+00:00,1,1,Tank
4W-54,4W-5,4W,493.8763458,28.75395802,2023-03-08 18:01:35+00:00,2023-03-08 21:01:35+00:00,3,2,Wellhead
5S-36,5S-3,5S,438.1774866,29.22631444,2023-03-08 18:01:35+00:00,2023-03-08 21:01:35+00:00,3,2,Seperator
4S-12,4S-1,4S,514.1929657,29.23443025,2023-03-08 11:45:50+00:00,2023-03-08 13:15:50+00:00,1.5,2,Seperator
5W-18,5W-1,5W,450.6514411,32.96849228,2023-03-08 11:45:50+00:00,2023-03-08 13:15:50+00:00,1.5,2,Wellhead
5W-11,5W-1,5W,1165.553874,46.28475367,2023-03-08 08:45:47+00:00,2023-03-08 09:45:48+00:00,1.000277778,1,Wellhead
4T-11,4T-1,4T,668.6046175,69.85735356,2023-03-08 04:38:45+00:00,2023-03-08 05:45:45+00:00,1.116666667,4,Tank
5S-35,5S-3,5S,288.6470732,29.60647936,2023-03-08 04:38:45+00:00,2023-03-08 05:45:45+00:00,1.116666667,4,Seperator
4S-14,4S-1,4S,26.47440452,26.54522935,2023-03-08 04:38:45+00:00,2023-03-08 05:45:45+00:00,1.116666667,4,Seperator
5S-23,5S-2,5S,755.6479462,36.51775763,2023-03-08 01:08:42+00:00,2023-03-08 02:38:42+00:00,1.5,2,Seperator
4S-42,4S-4,4S,631.0468407,30.60093424,2023-03-08 01:08:42+00:00,2023-03-08 02:38:42+00:00,1.5,2,Seperator
4T-22,4T-2,4T,1701.198393,82.26325881,2023-03-07 21:08:39+00:00,2023-03-07 22:08:39+00:00,1,1,Tank
5W-110,5W-1,5W,750.6676541,33.9995861,2023-03-07 17:38:37+00:00,2023-03-07 19:08:38+00:00,1.500277778,2,Wellhead
4W-22,4W-2,4W,578.9927479,31.24968111,2023-03-07 17:38:37+00:00,2023-03-07 19:08:38+00:00,1.500277778,2,Wellhead
5S-32,5S-3,5S,1106.257615,37.75929344,2023-03-07 13:08:35+00:00,2023-03-07 14:38:35+00:00,1.5,1,Seperator
4T-32,4T-3,4T,684.0911322,96.37635069,2023-03-07 08:01:31+00:00,2023-03-07 10:08:31+00:00,2.116666667,4,Tank
4W-26,4W-2,4W,335.7592826,33.73900127,2023-03-07 08:01:31+00:00,2023-03-07 10:08:31+00:00,2.116666667,4,Wellhead
5W-23,5W-2,5W,297.1757346,30.18298247,2023-03-07 08:01:31+00:00,2023-03-07 10:08:31+00:00,2.116666667,4,Wellhead
4T-22,4T-2,4T,1747.502403,58.09892546,2023-03-07 04:01:30+00:00,2023-03-07 05:01:30+00:00,1,1,Tank
5S-23,5S-2,5S,767.8767958,40.62681515,2023-03-07 00:01:27+00:00,2023-03-07 02:01:28+00:00,2.000277778,2,Seperator
4S-42,4S-4,4S,638.7224148,35.72235755,2023-03-07 00:01:27+00:00,2023-03-07 02:01:28+00:00,2.000277778,2,Seperator
4T-11,4T-1,4T,1302.421762,290.5545862,2023-03-06 19:30:39+00:00,2023-03-06 21:47:32+00:00,2.281388889,1,Tank
5W-03,Underground,Underground,683.6400022,29.01840465,2023-03-06 12:17:50+00:00,2023-03-06 14:17:50+00:00,2,1,
5S-34,5S-3,5S,766.0027853,36.49867034,2023-03-06 08:17:48+00:00,2023-03-06 09:17:48+00:00,1,1,Seperator
4W-54,4W-5,4W,509.1249141,27.65394596,2023-03-06 02:17:45+00:00,2023-03-06 04:17:45+00:00,2,1,Wellhead
4T-32,4T-3,4T,3209.373851,188.0388643,2023-03-05 21:17:43+00:00,2023-03-05 22:17:44+00:00,1.000277778,1,Tank
5W-33,5W-3,5W,1708.879526,36.31001672,2023-03-05 16:17:41+00:00,2023-03-05 17:17:41+00:00,1,1,Wellhead
4S-33,4S-3,4S,3052.784211,174.8600932,2023-03-05 10:17:39+00:00,2023-03-05 11:47:39+00:00,1.5,1,Seperator
5S-32,5S-3,5S,1715.886003,55.84062755,2023-03-05 05:17:37+00:00,2023-03-05 06:17:37+00:00,1,1,Seperator
4W-11,4W-1,4W,2524.637859,59.47300175,2023-03-04 23:17:35+00:00,2023-03-05 00:47:35+00:00,1.5,1,Wellhead
4T-32,4T-3,4T,3184.329853,161.4617429,2023-03-04 19:17:34+00:00,2023-03-04 20:17:33+00:00,0.999722222,1,Tank
4W-11,4W-1,4W,10.72086695,31.06313669,2023-03-03 15:08:40+00:00,2023-03-03 19:08:40+00:00,4,1,Wellhead
4S-23,4S-2,4S,904.7737187,2052.163102,2023-03-03 11:08:38+00:00,2023-03-03 14:08:38+00:00,3,1,Seperator
5W-33,5W-3,5W,1795.041293,41.71545477,2023-03-03 06:08:36+00:00,2023-03-03 10:08:35+00:00,3.999722222,1,Wellhead
5S-32,5S-3,5S,1739.163882,39.8559709,2023-03-03 02:08:33+00:00,2023-03-03 05:08:32+00:00,2.999722222,1,Seperator
4T-11,4T-1,4T,2503.313882,177.2038273,2023-03-02 22:08:29+00:00,2023-03-03 00:08:30+00:00,2.000277778,1,Tank
4S-22,4S-2,4S,199.3509143,4.1416349,2023-03-01 10:10:12+00:00,2023-03-01 13:10:12+00:00,3,2,Seperator
5W-31,5W-3,5W,192.1920057,3.444869798,2023-03-01 10:10:12+00:00,2023-03-01 13:10:12+00:00,3,2,Wellhead
5S-21,5S-2,5S,140.2453107,3.772797827,2023-03-01 03:03:10+00:00,2023-03-01 06:10:10+00:00,3.116666667,4,Seperator
4S-31,4S-3,4S,100.9542727,3.362195883,2023-03-01 03:03:10+00:00,2023-03-01 06:10:10+00:00,3.116666667,4,Seperator
4W-42,4W-4,4W,100.2937373,2.902662882,2023-03-01 03:03:10+00:00,2023-03-01 06:10:10+00:00,3.116666667,4,Wellhead
5W-21,5W-2,5W,196.6789157,4.306982618,2023-02-28 20:18:08+00:00,2023-03-01 00:03:08+00:00,3.75,2,Wellhead
4W-31,4W-3,4W,175.2897902,4.285665411,2023-02-28 20:18:08+00:00,2023-03-01 00:03:08+00:00,3.75,2,Wellhead
4T-31,4T-3,4T,137.0128702,2.906295796,2023-02-28 13:50:25+00:00,2023-02-28 17:57:25+00:00,4.116666667,3,Tank
4S-31,4S-3,4S,101.1141394,3.170615698,2023-02-28 13:50:25+00:00,2023-02-28 17:57:25+00:00,4.116666667,3,Seperator
5S-21,5S-2,5S,243.8884354,4.434430564,2023-02-28 08:50:22+00:00,2023-02-28 11:50:22+00:00,3,2,Seperator
4W-42,4W-4,4W,213.8774319,4.077380155,2023-02-28 08:50:22+00:00,2023-02-28 11:50:22+00:00,3,2,Wellhead
5W-34,5W-3,5W,188.1282691,4.514633522,2023-02-28 01:50:17+00:00,2023-02-28 05:50:18+00:00,4.000277778,2,Wellhead
4T-31,4T-3,4T,134.5524854,4.402104964,2023-02-28 01:50:17+00:00,2023-02-28 05:50:18+00:00,4.000277778,2,Tank
5S-21,5S-2,5S,136.1985124,4.968985321,2023-02-27 20:58:14+00:00,2023-02-27 23:50:14+00:00,2.866666667,4,Seperator
4S-31,4S-3,4S,97.53341257,3.269535444,2023-02-27 20:58:14+00:00,2023-02-27 23:50:14+00:00,2.866666667,4,Seperator
4W-42,4W-4,4W,97.07332109,3.052976701,2023-02-27 20:58:14+00:00,2023-02-27 23:50:14+00:00,2.866666667,4,Wellhead
5W-21,5W-2,5W,194.6678841,3.308331751,2023-02-27 07:00:09+00:00,2023-02-27 08:30:08+00:00,1.499722222,2,Wellhead
4W-31,4W-3,4W,173.3891001,3.613170384,2023-02-27 07:00:09+00:00,2023-02-27 08:30:08+00:00,1.499722222,2,Wellhead
4T-31,4T-3,4T,132.4459173,2.948026678,2023-02-26 17:53:05+00:00,2023-02-26 23:00:05+00:00,5.116666667,3,Tank
4S-31,4S-3,4S,97.56559863,3.036634844,2023-02-26 17:53:05+00:00,2023-02-26 23:00:05+00:00,5.116666667,3,Seperator
4S-44,4S-4,4S,134.8689672,2.77981231,2023-02-26 05:46:01+00:00,2023-02-26 09:53:01+00:00,4.116666667,5,Seperator
5W-21,5W-2,5W,123.6950092,2.829829586,2023-02-26 05:46:01+00:00,2023-02-26 09:53:01+00:00,4.116666667,5,Wellhead
4W-31,4W-3,4W,99.80533642,2.742122891,2023-02-26 05:46:01+00:00,2023-02-26 09:53:01+00:00,4.116666667,5,Wellhead
5S-28,5S-2,5S,96.76778757,2.758251408,2023-02-26 05:46:01+00:00,2023-02-26 09:53:01+00:00,4.116666667,5,Seperator
5W-34,5W-3,5W,183.1827424,4.043263036,2023-02-25 17:46:00+00:00,2023-02-25 21:46:00+00:00,4,2,Wellhead
4T-31,4T-3,4T,132.0762815,3.563790106,2023-02-25 17:46:00+00:00,2023-02-25 21:46:00+00:00,4,2,Tank
5S-21,5S-2,5S,142.2330943,3.806185698,2023-02-25 02:38:58+00:00,2023-02-25 09:45:58+00:00,7.116666667,4,Seperator
4S-31,4S-3,4S,102.2786757,2.940551386,2023-02-25 02:38:58+00:00,2023-02-25 09:45:58+00:00,7.116666667,4,Seperator
4W-42,4W-4,4W,101.7469356,2.838876692,2023-02-25 02:38:58+00:00,2023-02-25 09:45:58+00:00,7.116666667,4,Wellhead
5W-21,5W-2,5W,196.3377277,5.386383771,2023-02-24 18:38:53+00:00,2023-02-24 22:38:54+00:00,4.000277778,2,Wellhead
4W-31,4W-3,4W,175.1360048,3.926171324,2023-02-24 18:38:53+00:00,2023-02-24 22:38:54+00:00,4.000277778,2,Wellhead
5W-34,5W-3,5W,196.2507025,3.824238099,2023-02-24 04:58:35+00:00,2023-02-24 14:58:34+00:00,9.999722222,2,Wellhead
4T-31,4T-3,4T,141.9506228,3.370669649,2023-02-24 04:58:35+00:00,2023-02-24 14:58:34+00:00,9.999722222,2,Tank
5S-28,5S-2,5S,237.8706959,3.59251759,2023-02-23 18:58:31+00:00,2023-02-24 02:58:31+00:00,8,2,Seperator
4S-44,4S-4,4S,226.4740548,4.57762812,2023-02-23 18:58:31+00:00,2023-02-24 02:58:31+00:00,8,2,Seperator
5W-34,5W-3,5W,198.0753263,5.053898946,2023-02-23 07:20:11+00:00,2023-02-23 17:20:10+00:00,9.999722222,2,Wellhead
4T-31,4T-3,4T,142.7611294,3.564512038,2023-02-23 07:20:11+00:00,2023-02-23 17:20:10+00:00,9.999722222,2,Tank
5W-21,5W-2,5W,203.883185,4.228278556,2023-02-22 20:20:08+00:00,2023-02-23 05:20:07+00:00,8.999722222,2,Wellhead
4W-31,4W-3,4W,182.840347,3.658764854,2023-02-22 20:20:08+00:00,2023-02-23 05:20:07+00:00,8.999722222,2,Wellhead
4T-31,4T-3,4T,138.1931143,3.174168368,2023-02-22 09:13:05+00:00,2023-02-22 19:20:05+00:00,10.11666667,3,Tank
4S-31,4S-3,4S,101.6705896,2.822244448,2023-02-22 09:13:05+00:00,2023-02-22 19:20:05+00:00,10.11666667,3,Seperator
5S-28,5S-2,5S,228.4036315,3.864226449,2023-02-21 23:13:03+00:00,2023-02-22 07:13:03+00:00,8,2,Seperator
4S-44,4S-4,4S,217.9619512,5.278620236,2023-02-21 23:13:03+00:00,2023-02-22 07:13:03+00:00,8,2,Seperator
5W-34,5W-3,5W,179.5515108,12.88679304,2023-02-21 13:13:01+00:00,2023-02-21 22:13:00+00:00,8.999722222,2,Wellhead
4T-31,4T-3,4T,132.7812571,3.639881535,2023-02-21 13:13:01+00:00,2023-02-21 22:13:00+00:00,8.999722222,2,Tank
5S-21,5S-2,5S,229.4373905,4.915979734,2023-02-21 01:12:57+00:00,2023-02-21 11:12:57+00:00,10,2,Seperator
4W-42,4W-4,4W,212.9302945,4.125195009,2023-02-21 01:12:57+00:00,2023-02-21 11:12:57+00:00,10,2,Wellhead
5W-21,5W-2,5W,252.9649294,65.84569706,2023-02-20 20:00:00+00:00,2023-02-20 22:12:01+00:00,2.200277778,3,Wellhead
5W-26,5W-2,5W,250.8348444,53.82276428,2023-02-20 20:00:00+00:00,2023-02-20 22:12:01+00:00,2.200277778,3,Wellhead
4T-11,4T-1,4T,748.8091718,141.3436893,2023-02-20 10:30:40+00:00,2023-02-20 18:11:05+00:00,7.673611111,3,Tank
4S-16,4S-1,4S,500.9916322,135.9757265,2023-02-20 10:30:40+00:00,2023-02-20 18:11:05+00:00,7.673611111,3,Seperator
5S-35,5S-3,5S,642.1758408,46.75037777,2023-02-19 22:30:38+00:00,2023-02-20 06:30:38+00:00,8,2,Seperator
4W-54,4W-5,4W,594.3242405,31.73731153,2023-02-19 22:30:38+00:00,2023-02-20 06:30:38+00:00,8,2,Wellhead
4S-42,4S-4,4S,1083.042363,138.0900931,2023-02-19 14:30:33+00:00,2023-02-19 19:30:33+00:00,5,2,Seperator
5S-34,5S-3,5S,442.7657178,29.31894197,2023-02-19 14:30:33+00:00,2023-02-19 19:30:33+00:00,5,2,Seperator
4T-31,4T-3,4T,1428.841945,140.3092536,2023-02-19 04:30:30+00:00,2023-02-19 10:30:30+00:00,6,3,Tank
5S-23,5S-2,5S,444.8175116,30.88394802,2023-02-19 04:30:30+00:00,2023-02-19 10:30:30+00:00,6,3,Seperator
4W-33,4W-3,4W,387.4815145,30.95876322,2023-02-19 04:30:30+00:00,2023-02-19 10:30:30+00:00,6,3,Wellhead
4W-26,4W-2,4W,437.1302925,28.84928417,2023-02-18 14:30:27+00:00,2023-02-19 00:30:27+00:00,10,2,Wellhead
5S-35,5S-3,5S,409.3025488,33.38709899,2023-02-18 14:30:27+00:00,2023-02-19 00:30:27+00:00,10,2,Seperator
4T-11,4T-1,4T,771.7179436,140.1606188,2023-02-18 01:19:24+00:00,2023-02-18 11:30:24+00:00,10.18333333,3,Tank
4S-16,4S-1,4S,513.497018,136.733769,2023-02-18 01:19:24+00:00,2023-02-18 11:30:24+00:00,10.18333333,3,Seperator
5S-35,5S-3,5S,595.6730934,32.56578018,2023-02-17 18:19:21+00:00,2023-02-17 23:19:21+00:00,5,2,Seperator
4W-54,4W-5,4W,557.1567724,30.49192562,2023-02-17 18:19:21+00:00,2023-02-17 23:19:21+00:00,5,2,Wellhead
5S-34,5S-3,5S,765.3737966,53.23996597,2023-02-17 08:19:19+00:00,2023-02-17 17:19:20+00:00,9.000277778,1,Seperator
4T-11,4T-1,4T,1205.998304,138.4732619,2023-02-17 02:08:18+00:00,2023-02-17 06:19:17+00:00,4.183055556,5,Tank
4S-42,4S-4,4S,890.3929364,140.3641867,2023-02-17 02:08:18+00:00,2023-02-17 06:19:17+00:00,4.183055556,5,Seperator
5S-36,5S-3,5S,531.8936877,31.2634611,2023-02-17 02:08:18+00:00,2023-02-17 06:19:17+00:00,4.183055556,5,Seperator
4W-26,4W-2,4W,407.3406713,29.11558603,2023-02-17 02:08:18+00:00,2023-02-17 06:19:17+00:00,4.183055556,5,Wellhead
5S-23,5S-2,5S,1078.934098,40.34875767,2023-02-16 19:08:14+00:00,2023-02-17 00:08:15+00:00,5.000277778,2,Seperator
4W-11,4W-1,4W,994.4290119,40.01829272,2023-02-16 19:08:14+00:00,2023-02-17 00:08:15+00:00,5.000277778,2,Wellhead
4S-16,4S-1,4S,1137.751721,141.9195565,2023-02-16 10:57:10+00:00,2023-02-16 18:08:11+00:00,7.183611111,4,Seperator
4T-32,4T-3,4T,764.978593,139.000373,2023-02-16 10:57:10+00:00,2023-02-16 18:08:11+00:00,7.183611111,4,Tank
4W-33,4W-3,4W,395.8268074,52.64976672,2023-02-16 10:57:10+00:00,2023-02-16 18:08:11+00:00,7.183611111,4,Wellhead
4T-11,4T-1,4T,1196.794986,146.2341999,2023-02-15 23:46:07+00:00,2023-02-16 08:57:07+00:00,9.183333333,5,Tank
4S-42,4S-4,4S,895.5858921,159.4538115,2023-02-15 23:46:07+00:00,2023-02-16 08:57:07+00:00,9.183333333,5,Seperator
5S-36,5S-3,5S,530.7985835,29.16842356,2023-02-15 23:46:07+00:00,2023-02-16 08:57:07+00:00,9.183333333,5,Seperator
4W-26,4W-2,4W,406.3862917,27.31019354,2023-02-15 23:46:07+00:00,2023-02-16 08:57:07+00:00,9.183333333,5,Wellhead
5W-23,5W-2,5W,609.7423466,322.2221541,2023-02-15 21:36:08+00:00,2023-02-15 21:37:05+00:00,0.015833333,1,Wellhead
5W-23,5W-2,5W,668.0412131,27.12829776,2023-02-15 20:57:23+00:00,2023-02-15 21:33:36+00:00,0.603611111,3,Wellhead
5W-03,Underground,Underground,666.5175741,37.51730647,2023-02-15 20:57:23+00:00,2023-02-15 21:33:36+00:00,0.603611111,3,
5S-35,5S-3,5S,2576.504199,30.38240968,2023-02-15 12:16:33+00:00,2023-02-15 18:16:33+00:00,6,2,Seperator
4W-54,4W-5,4W,662.1488802,28.40586313,2023-02-15 12:16:33+00:00,2023-02-15 18:16:33+00:00,6,2,Wellhead
5W-110,5W-1,5W,1385.565591,347.6663766,2023-02-15 02:16:30+00:00,2023-02-15 10:16:30+00:00,8,2,Wellhead
4W-22,4W-2,4W,587.5575286,27.98974455,2023-02-15 02:16:30+00:00,2023-02-15 10:16:30+00:00,8,2,Wellhead
5W-11,5W-1,5W,1570.985291,140.6150228,2023-02-14 18:16:26+00:00,2023-02-15 01:16:26+00:00,7,1,Wellhead
4T-22,4T-2,4T,4859.594077,136.4753514,2023-02-14 11:02:39+00:00,2023-02-14 15:13:39+00:00,4.183333333,4,Tank
4S-33,4S-3,4S,4271.771679,139.0476407,2023-02-14 11:02:39+00:00,2023-02-14 15:13:39+00:00,4.183333333,4,Seperator
5S-26,5S-2,5S,1097.659419,34.81072814,2023-02-14 11:02:39+00:00,2023-02-14 15:13:39+00:00,4.183333333,4,Seperator
4S-23,4S-2,4S,12365.05678,820.7544917,2023-02-14 03:02:35+00:00,2023-02-14 09:02:35+00:00,6,2,Seperator
5W-18,5W-1,5W,1791.393229,695.7847962,2023-02-14 03:02:35+00:00,2023-02-14 09:02:35+00:00,6,2,Wellhead
4T-12,4T-1,4T,3638.896215,248.7487558,2023-02-13 20:02:32+00:00,2023-02-14 01:02:32+00:00,5,2,Tank
4W-26,4W-2,4W,595.6610901,37.11592012,2023-02-13 20:02:32+00:00,2023-02-14 01:02:32+00:00,5,2,Wellhead
5S-14,5S-1,5S,1107.80722,31.85571186,2023-02-13 10:44:44+00:00,2023-02-13 17:55:44+00:00,7.183333333,5,Seperator
4S-22,4S-2,4S,1059.433099,35.20753702,2023-02-13 10:44:44+00:00,2023-02-13 17:55:44+00:00,7.183333333,5,Seperator
5W-26,5W-2,5W,655.5831711,30.03637776,2023-02-13 10:44:44+00:00,2023-02-13 17:55:44+00:00,7.183333333,5,Wellhead
4W-42,4W-4,4W,612.8219998,26.73743473,2023-02-13 10:44:44+00:00,2023-02-13 17:55:44+00:00,7.183333333,5,Wellhead
4W-32,4W-3,4W,2264.535825,55.49135665,2023-02-13 04:44:41+00:00,2023-02-13 07:44:41+00:00,3,2,Wellhead
5S-27,5S-2,5S,1660.87595,48.58139925,2023-02-13 04:44:41+00:00,2023-02-13 07:44:41+00:00,3,2,Seperator
4T-22,4T-2,4T,1466.446001,60.61620657,2023-02-12 21:44:38+00:00,2023-02-13 01:44:38+00:00,4,2,Tank
5W-13,5W-1,5W,1079.382957,55.94533207,2023-02-12 21:44:38+00:00,2023-02-13 01:44:38+00:00,4,2,Wellhead
5S-14,5S-1,5S,1066.529606,73.82474246,2023-02-12 08:33:34+00:00,2023-02-12 17:44:35+00:00,9.183611111,5,Seperator
4S-22,4S-2,4S,1025.123249,35.39428797,2023-02-12 08:33:34+00:00,2023-02-12 17:44:35+00:00,9.183611111,5,Seperator
5W-26,5W-2,5W,628.9501506,26.77215538,2023-02-12 08:33:34+00:00,2023-02-12 17:44:35+00:00,9.183611111,5,Wellhead
4W-42,4W-4,4W,590.1503815,26.49831274,2023-02-12 08:33:34+00:00,2023-02-12 17:44:35+00:00,9.183611111,5,Wellhead
5S-15,5S-1,5S,1000.397926,57.04503221,2023-02-12 00:22:33+00:00,2023-02-12 06:33:33+00:00,6.183333333,4,Seperator
4T-32,4T-3,4T,899.0186881,28.7993281,2023-02-12 00:22:33+00:00,2023-02-12 06:33:33+00:00,6.183333333,4,Tank
4S-32,4S-3,4S,878.1388324,34.67489185,2023-02-12 00:22:33+00:00,2023-02-12 06:33:33+00:00,6.183333333,4,Seperator
5W-22,5W-2,5W,1586.987814,53.6370129,2023-02-11 16:11:29+00:00,2023-02-11 21:22:29+00:00,5.183333333,4,Wellhead
4T-31,4T-3,4T,879.1578607,34.02261993,2023-02-11 16:11:29+00:00,2023-02-11 21:22:29+00:00,5.183333333,4,Tank
4W-14,4W-1,4W,676.8346853,27.8966549,2023-02-11 16:11:29+00:00,2023-02-11 21:22:29+00:00,5.183333333,4,Wellhead
5S-14,5S-1,5S,1079.908981,30.78996404,2023-02-11 02:00:25+00:00,2023-02-11 12:11:25+00:00,10.18333333,5,Seperator
4S-22,4S-2,4S,1032.432375,35.59342744,2023-02-11 02:00:25+00:00,2023-02-11 12:11:25+00:00,10.18333333,5,Seperator
5W-26,5W-2,5W,636.6064957,27.02396351,2023-02-11 02:00:25+00:00,2023-02-11 12:11:25+00:00,10.18333333,5,Wellhead
4W-42,4W-4,4W,596.7818271,26.71318795,2023-02-11 02:00:25+00:00,2023-02-11 12:11:25+00:00,10.18333333,5,Wellhead
4W-32,4W-3,4W,2169.573936,69.82051295,2023-02-10 22:00:23+00:00,2023-02-11 00:00:23+00:00,2,2,Wellhead
5S-27,5S-2,5S,1591.179906,49.40258787,2023-02-10 22:00:23+00:00,2023-02-11 00:00:23+00:00,2,2,Seperator
4S-32,4S-3,4S,1082.833685,37.21622292,2023-02-10 11:19:20+00:00,2023-02-10 21:00:21+00:00,9.683611111,4,Seperator
5S-15,5S-1,5S,1004.593465,45.3111629,2023-02-10 11:19:20+00:00,2023-02-10 21:00:21+00:00,9.683611111,4,Seperator
4T-32,4T-3,4T,967.4115372,31.42339323,2023-02-10 11:19:20+00:00,2023-02-10 21:00:21+00:00,9.683611111,4,Tank
5W-22,5W-2,5W,1687.819581,36.59489399,2023-02-10 01:08:18+00:00,2023-02-10 09:19:17+00:00,8.183055556,4,Wellhead
4T-31,4T-3,4T,916.48151,80.59814779,2023-02-10 01:08:18+00:00,2023-02-10 09:19:17+00:00,8.183055556,4,Tank
4W-14,4W-1,4W,722.5077149,27.65844736,2023-02-10 01:08:18+00:00,2023-02-10 09:19:17+00:00,8.183055556,4,Wellhead
4S-43,4S-4,4S,2459.710099,40.0557552,2023-02-09 18:08:16+00:00,2023-02-10 00:08:16+00:00,6,2,Seperator
5S-12,5S-1,5S,1668.765297,33.21411327,2023-02-09 18:08:16+00:00,2023-02-10 00:08:16+00:00,6,2,Seperator
5W-31,5W-3,5W,1293.900217,33.24598197,2023-02-09 09:08:14+00:00,2023-02-09 16:08:13+00:00,6.999722222,2,Wellhead
4W-12,4W-1,4W,1131.639268,32.90347872,2023-02-09 09:08:14+00:00,2023-02-09 16:08:13+00:00,6.999722222,2,Wellhead
4T-22,4T-2,4T,1524.961191,33.7828002,2023-02-09 02:08:11+00:00,2023-02-09 07:08:11+00:00,5,2,Tank
5W-13,5W-1,5W,1128.890513,35.69721457,2023-02-09 02:08:11+00:00,2023-02-09 07:08:11+00:00,5,2,Wellhead
4W-32,4W-3,4W,2223.185316,54.85541834,2023-02-08 21:08:10+00:00,2023-02-09 01:08:11+00:00,4.000277778,2,Wellhead
5S-27,5S-2,5S,1628.259102,53.27332866,2023-02-08 21:08:10+00:00,2023-02-09 01:08:11+00:00,4.000277778,2,Seperator
5W-22,5W-2,5W,1058.06732,47.52924361,2023-02-08 16:08:09+00:00,2023-02-08 19:08:10+00:00,3.000277778,2,Wellhead
4S-21,4S-2,4S,994.8263334,47.08543298,2023-02-08 16:08:09+00:00,2023-02-08 19:08:10+00:00,3.000277778,2,Seperator